Income of XYZ in Average form,House Age in Average Form,Average Number of Rooms in Each House,Average Number of Bedrooms in Each House,Total Strength of Area,Price of House in that Area,Address
905854.922,2.14,4.54,1.95,15472,1286299.583,17621 Spenser Road
666900.506,11.26,3.47,3.47,14824,4983018.465,13 Pierstorff Crossing
246211.379,10.21,6.98,1.51,15012,3155492.426,19477 Daystar Terrace
881606.926,12.23,5.43,1.07,19729,2060470.311,16445 Portage Lane
349527.537,9.59,5.21,2.83,14313,9237328.161,9 Bluestem Alley
713485.532,6.57,4.12,2.81,13686,1210089.162,41336 Homewood Place
233683.562,8.17,3.49,3.49,19186,4973361.767,1 Mariners Cove Crossing
541421.352,11.94,5.33,2.02,16169,8815070.504,1326 Mcguire Junction
753173.916,4.33,8.54,2.08,18517,6986967.265,8 Trailsway Hill
472725.693,13.32,7.31,2.01,12458,2747918.515,7 Oak Way
176917.79,13.77,4.61,1.43,16095,9329607.982,3385 Declaration Parkway
317495.831,1.14,8.59,4.5,13036,5004360.593,37984 Larry Trail
506368.991,5.65,6.58,1.11,15063,1984166.576,422 Knutson Point
199206.288,13.5,8.28,4.97,18002,8827005.452,8 Annamark Lane
402034.607,3.53,6.39,2.04,12181,2389855.843,7915 Jenifer Park
373979.278,6.92,6.23,1.51,15049,9847516.866,07809 Transport Avenue
510660.892,2.27,6.16,2.14,12442,4410815.838,5 Clarendon Street
710217.839,5.94,4.45,3.78,19022,6399209.893,890 Sycamore Avenue
814741.88,12.27,4.24,3.46,17817,5358700.017,6 Moland Point
988597.715,4.43,5.29,2.87,16139,1301219.402,855 Blackbird Plaza
246087.066,1.48,4.42,4.23,13267,6842001.615,4593 International Trail
499465.571,8.3,3.99,3.99,12331,6179880.467,0 Old Gate Crossing
908031.053,5.69,8.86,1.84,13826,3841456.316,5122 Sage Circle
699139.0,3.4,8.01,4.92,19845,1493422.724,8265 Prentice Plaza
677406.279,5.86,3.99,2.86,16640,7391641.06,15265 Mccormick Trail
992732.218,7.41,5.64,3.51,17325,6167143.825,59 Dennis Street
949949.047,10.22,5.71,4.18,18230,6159184.976,7893 Twin Pines Junction
747164.203,8.65,8.0,2.75,16673,3001779.873,05729 Oneill Point
824673.404,3.93,7.16,4.65,16567,9792628.875,2 Muir Pass
817315.362,12.76,5.66,3.71,18567,7730937.685,2363 Hovde Terrace
892190.68,10.02,8.29,3.42,17789,7370155.692,911 Tennyson Street
842139.01,12.57,4.26,3.15,16664,8786876.719,60168 Delladonna Way
859074.68,6.95,5.51,1.09,19579,1278994.227,68116 Kim Pass
404452.286,3.21,9.68,2.86,18869,3354116.154,74020 Rowland Avenue
341595.535,9.23,3.3,2.99,15776,5837901.321,1 Bonner Alley
822641.493,1.92,9.42,3.21,12207,4798149.934,850 Haas Plaza
948116.313,8.95,9.55,2.04,16710,3094055.034,7 Hudson Court
891064.428,11.7,3.73,3.73,18387,1269667.843,97746 Fieldstone Crossing
744216.902,9.35,9.3,3.5,13644,3502486.014,098 Kedzie Road
674973.108,9.42,8.55,3.81,18505,1267101.388,4 Eggendart Center
489982.434,4.8,7.8,1.72,12699,2194196.093,53 Mariners Cove Pass
445660.54,9.51,3.61,3.61,19898,1611745.103,01 Corry Place
989779.911,9.43,8.48,4.32,17197,6770787.031,4 Onsgard Point
177113.337,6.25,9.17,3.8,16985,3725687.719,01040 Spenser Crossing
762508.795,3.47,8.56,1.42,19433,9912888.509,7025 Carpenter Road
910471.437,10.8,6.05,1.6,17296,9322018.55,49 Reindahl Terrace
340682.77,10.27,8.99,2.28,14650,2198820.526,18681 Grim Parkway
866057.222,14.36,5.25,1.86,19322,3627960.823,988 Shasta Junction
939934.264,13.06,4.07,1.05,16827,8344501.792,4755 Scoville Drive
802234.499,1.64,5.85,3.08,15403,2733714.489,686 Shopko Terrace
631792.238,6.55,8.35,4.75,12365,5480468.916,7 Express Plaza
507030.521,13.41,6.54,3.79,12742,8697777.114,3 Glendale Avenue
884705.135,9.66,3.86,3.15,14624,5990972.54,286 Vera Road
252276.274,6.94,8.39,3.58,12631,6050081.813,90 Mockingbird Way
310982.396,2.83,7.33,1.42,18177,2633279.737,610 Lerdahl Lane
625703.74,10.3,9.69,1.9,15575,2694674.371,43 Algoma Junction
942507.394,3.99,5.81,3.16,14563,4405021.657,8463 Corry Road
942474.521,10.13,4.55,4.41,16038,1360263.346,3966 Fieldstone Hill
103520.898,1.44,4.96,3.61,17566,4183720.628,02911 Bashford Alley
105490.921,2.46,9.83,3.99,17419,1896454.948,649 Orin Drive
818525.363,14.32,9.03,3.09,17247,6613590.087,0 Debra Way
231235.898,14.75,4.46,4.46,16289,8115886.753,60636 Declaration Alley
464221.761,14.05,6.9,4.12,13158,6803044.315,6385 Badeau Way
415041.935,3.27,9.38,2.15,12746,2018130.18,158 Mandrake Terrace
800343.694,4.63,6.44,4.27,14664,9069275.124,98 Jana Terrace
406029.019,14.06,9.52,3.36,15287,1876114.52,14 Stuart Lane
922615.842,3.29,7.28,3.08,18861,5028312.6,167 Longview Pass
671723.223,9.22,8.54,3.88,14635,7133145.409,76546 Sutteridge Drive
835620.14,12.24,6.79,2.28,19658,5418272.226,7758 Sunnyside Street
726773.114,12.23,8.91,3.91,16659,2696050.798,04113 Grayhawk Lane
433358.828,8.65,8.83,2.47,15127,9269451.293,5 Coolidge Park
591818.977,2.66,3.84,1.81,17850,5174182.459,92 Farragut Pass
710126.939,2.6,6.26,2.74,14760,6091678.571,4 Oak Valley Road
689523.271,10.86,4.64,2.39,16242,7557140.118,6 Buena Vista Way
501255.598,6.21,4.37,3.42,16776,7217332.111,48443 Susan Avenue
105275.117,6.13,6.25,4.74,17237,9578008.598,71429 Hanson Lane
612933.314,1.19,5.46,4.46,12146,9192735.175,8605 Namekagon Crossing
931670.844,1.63,9.72,4.88,16025,1608485.991,8 Iowa Terrace
494620.439,14.97,5.62,2.35,15755,8585245.216,28 Rigney Crossing
948904.124,3.01,6.68,4.72,18864,9646230.841,6 School Center
141010.4,10.45,5.16,4.97,19986,6001352.559,59 Jana Pass
855866.371,8.11,8.47,3.65,19740,3992221.391,63 Del Mar Pass
659013.923,8.57,4.37,4.37,13708,6057358.282,79 Schurz Crossing
128200.112,9.61,5.12,3.97,13877,4912541.636,2263 Dayton Hill
191863.587,4.82,6.39,2.12,18796,9169656.015,090 Carpenter Parkway
851707.057,1.39,9.92,4.88,12042,9029969.811,3374 Evergreen Hill
608079.665,4.48,5.84,3.81,14978,6173732.896,1732 Chinook Center
796171.971,14.18,9.45,2.14,19095,1018478.013,738 Manitowish Street
914261.187,1.83,7.04,4.58,13286,1015748.665,800 Jana Road
802628.932,7.91,8.92,4.17,13201,2517886.536,68540 Service Parkway
294199.176,4.67,9.1,4.04,15067,2941028.239,17968 Service Road
154706.135,1.36,5.52,2.29,17405,4487898.52,50214 Vermont Lane
911651.068,4.85,4.4,3.48,15271,9429920.683,2217 Sage Crossing
212168.244,1.78,8.22,3.97,17057,5858020.453,5668 Service Plaza
980001.255,12.76,7.26,1.63,12951,6798959.339,309 Lawn Point
220188.967,4.46,4.4,3.39,18169,7058511.483,86 Thackeray Pass
791800.089,5.04,5.36,4.23,19863,8218382.178,0 Transport Circle
387487.957,6.83,4.99,2.81,15633,7131303.346,527 Lindbergh Alley
346162.572,4.58,5.17,4.67,15495,2720669.339,17797 Lakeland Street
635585.729,2.11,8.92,1.72,16120,7362192.961,814 Monica Avenue
977897.663,1.97,3.86,3.86,19990,8732460.446,40384 Erie Trail
839754.539,11.33,9.6,3.52,18930,9938847.719,78 Oxford Court
561535.403,5.81,8.11,2.76,12168,9454948.903,97 Sunfield Way
499839.5,12.06,6.02,2.61,18296,2854196.762,00594 Blackbird Lane
777400.928,11.85,9.68,4.04,18281,2119586.149,29 Esch Way
556967.489,9.33,4.76,2.18,15091,4943786.209,445 Granby Point
869993.21,4.24,6.12,3.55,14001,5827941.562,57 Bowman Pass
194055.267,7.86,5.33,3.78,15857,5046346.721,55796 Dahle Court
402214.766,14.63,3.18,1.7,16035,9739486.838,77 Graedel Lane
788430.409,1.34,5.16,3.77,13930,4916080.207,666 Warner Lane
254443.099,10.31,8.62,4.85,19571,5122988.995,140 Hollow Ridge Lane
633294.499,6.04,6.46,1.37,17071,5319442.425,013 Farwell Pass
263275.08,9.17,3.81,2.73,14884,7965044.245,59877 Westerfield Street
912778.484,13.14,7.4,4.55,16081,3573000.269,235 Goodland Terrace
793525.765,12.08,8.92,4.91,17799,4616037.616,70 Rutledge Crossing
128769.566,14.15,6.85,3.93,16595,6312721.376,31 Fremont Circle
594582.532,5.66,7.09,4.46,16096,4161121.088,7 Pankratz Lane
760582.317,10.77,5.77,4.64,17228,7652688.456,3698 Raven Place
337118.971,8.29,8.53,4.59,13858,2037958.025,380 Anzinger Point
449483.163,9.57,3.16,3.16,18790,3927351.913,74 Towne Point
380696.169,1.04,4.17,2.38,15835,7924196.242,650 Dixon Court
929766.537,7.05,6.91,3.34,16666,3718046.659,062 Mallard Point
185387.998,13.04,4.2,4.2,16967,2326197.589,965 Longview Road
972470.477,7.36,8.7,1.64,14093,5549419.376,23079 Morning Court
489426.491,9.36,5.76,1.29,15060,2753676.046,2457 Towne Junction
560371.737,12.36,9.7,3.26,13285,9928983.8,6812 Eagan Trail
132183.567,1.82,5.82,2.06,16848,3812234.014,3 Center Avenue
560440.059,10.31,3.46,3.46,16970,9679715.778,27276 Susan Center
782019.064,9.67,6.15,4.69,12637,2490698.291,332 Esker Circle
608053.719,2.73,4.39,2.82,19076,2832030.223,571 Rieder Place
101120.574,4.33,6.2,2.0,16162,9643221.809,8 Lawn Terrace
555454.294,7.01,6.35,4.9,17795,9265329.308,8934 Dixon Lane
550392.473,7.54,6.67,4.31,19413,5884347.669,8561 Vidon Crossing
360545.057,2.0,5.52,3.31,19219,2187362.915,045 Anniversary Circle
722685.626,4.11,9.72,4.32,16036,2509344.673,498 Schurz Alley
499330.929,3.35,4.2,4.03,17744,7768337.235,352 Upham Plaza
972747.299,4.16,4.31,3.88,19642,8612791.689,3 Banding Road
593819.326,4.65,7.13,3.16,17592,4673838.801,38 Hudson Parkway
800545.517,4.69,9.09,3.01,17440,8492534.936,57946 Sunnyside Pass
138351.938,13.39,5.1,3.2,14275,9450637.569,7 Lakewood Place
348982.522,8.41,4.55,2.58,15934,8698207.693,94 Katie Plaza
252361.017,8.24,6.83,1.03,13599,5885635.039,226 Merry Parkway
267663.276,2.37,3.19,2.47,12135,3845653.912,35 High Crossing Circle
773865.597,5.77,7.42,4.04,16919,9746622.327,65728 Ilene Avenue
698438.049,1.85,9.28,1.25,18269,4444773.98,430 Nevada Pass
488606.538,10.47,6.19,3.28,18578,5154428.906,7790 Talmadge Crossing
141707.554,11.65,4.56,4.56,12250,6308558.13,24 Lindbergh Park
360931.608,6.28,3.18,3.18,13749,5603178.139,156 Arizona Center
189715.116,7.28,4.24,2.72,16631,7076693.861,1 Fuller Pass
963468.821,6.85,5.35,2.87,14361,7078789.228,35290 Clemons Way
385245.327,9.0,3.28,3.0,19791,3574151.975,09 Buena Vista Road
771725.63,10.99,5.78,2.38,18190,7629926.825,97604 Lien Court
339086.301,1.87,9.29,4.59,14335,9206832.724,3300 Meadow Valley Parkway
303839.579,3.23,8.42,1.37,16149,8625073.881,33 Pierstorff Alley
305139.102,9.7,8.98,3.38,14934,7478265.571,136 Marquette Lane
489557.656,1.95,5.34,1.07,16174,4386249.009,59776 Blue Bill Park Road
964017.888,5.52,7.48,1.05,17943,6728163.982,0 Sauthoff Way
310029.191,7.11,5.41,2.85,19455,4326212.363,88403 Fremont Circle
267688.884,4.91,3.33,2.26,19879,8637805.395,1215 Longview Point
614159.264,7.38,4.95,2.12,16398,5475527.372,75521 Almo Lane
515533.935,10.13,7.75,2.51,14347,4299485.731,36 Warbler Trail
541822.384,3.41,7.36,4.44,15932,1734031.449,8271 Arrowood Court
500439.398,10.75,3.26,3.26,14088,9625978.329,94 1st Pass
389223.518,14.35,3.2,3.2,17565,3495411.409,0 Heffernan Parkway
115984.238,14.2,9.98,3.58,16151,5698441.259,44 Maryland Alley
411647.75,3.06,4.63,2.03,12219,7108328.688,0 Havey Circle
543826.488,5.16,3.9,2.75,19435,2774722.343,560 Kennedy Alley
302012.636,1.88,9.03,1.82,15182,9964308.717,6 David Junction
952138.879,9.61,8.47,2.27,18932,5805524.631,5066 Kensington Drive
455560.02,2.72,8.62,4.67,19772,6920984.057,49 Glacier Hill Terrace
624972.944,10.04,4.17,3.65,17876,3044783.878,98 Moulton Court
983941.873,6.89,9.78,3.58,19701,8458959.836,19 Westerfield Hill
246574.367,3.39,7.35,4.13,14207,6748149.72,59494 Lotheville Way
666798.438,7.51,3.38,1.94,15957,8386082.32,638 Talisman Place
946578.826,6.87,6.29,4.57,16533,9191584.791,6 Maryland Court
462533.903,12.4,7.0,4.24,15804,5100145.062,49300 Ramsey Park
268504.294,1.4,5.32,2.05,14878,9343536.419,99840 Huxley Hill
786545.469,5.15,3.58,2.14,17373,2407009.432,683 Jenna Road
880111.634,3.04,8.24,4.11,12661,7081674.452,14277 Blaine Avenue
354221.971,7.63,8.5,4.89,18985,8198138.205,79731 Vidon Terrace
712989.928,6.13,3.38,3.35,16150,7747611.989,02928 Cottonwood Trail
483225.407,9.59,4.82,1.25,14065,2480127.996,36279 Pennsylvania Park
186495.758,8.68,6.96,3.22,16629,2635978.957,9 Harbort Center
905662.351,7.33,9.01,2.98,15905,2853943.52,858 Tomscot Circle
595153.016,5.55,7.91,3.04,13046,6603063.896,1590 Hayes Terrace
444914.442,10.42,3.62,2.69,16781,9362909.95,7 Merchant Avenue
804411.161,12.8,9.11,1.86,16076,8619346.526,08 Prentice Center
638314.782,6.79,5.17,2.33,18305,9656113.739,94 Crowley Circle
322532.19,7.41,4.93,1.53,13046,1900362.642,22272 Del Sol Terrace
989808.838,3.68,3.28,3.28,15029,5196423.92,1 Coolidge Plaza
891317.963,11.67,6.75,1.66,19088,3788952.43,958 Fremont Way
298400.113,5.86,5.22,2.11,15229,2458197.152,52608 Birchwood Place
241934.882,10.96,3.55,1.77,14963,1653906.308,02 Shopko Road
732981.291,12.01,5.67,2.72,17956,7152469.107,5690 Dixon Trail
395681.183,7.27,9.54,3.66,19772,8403521.339,71 Fieldstone Pass
185757.587,4.06,7.66,1.32,16744,3380585.377,73 Lukken Park
646284.31,13.7,3.67,1.13,19317,7366650.512,72 Pine View Trail
574685.991,8.84,6.89,4.75,16684,8194064.235,3 Dixon Avenue
777123.217,5.49,8.62,2.66,19732,9231650.732,3678 Meadow Ridge Avenue
975817.66,5.89,7.6,1.55,17534,8015149.098,33022 Grim Crossing
847428.869,9.19,7.01,1.66,14361,3894316.833,43508 Bartelt Pass
747118.61,5.08,7.59,4.99,15428,2258953.409,32 Bellgrove Drive
200663.832,11.6,7.78,1.62,19642,9247408.8,0969 Badeau Alley
400977.775,3.26,8.41,2.28,14657,5028937.758,59 Farwell Center
162585.449,2.81,5.14,4.81,13404,7601938.323,6 Packers Hill
824395.683,13.35,6.16,2.01,13550,8632946.234,484 Oak Terrace
181298.275,6.53,8.84,2.61,19300,1156212.909,72134 Evergreen Park
251959.401,7.75,4.13,4.11,17420,8477454.983,6 Loftsgordon Circle
599847.148,1.98,8.5,2.51,16782,5394381.313,9 Corscot Terrace
462935.948,3.02,3.38,1.98,19245,1492573.607,483 Gateway Road
514367.092,7.28,3.74,3.74,14529,3925151.488,37451 Manufacturers Hill
888060.475,13.6,7.7,2.92,14689,3732041.188,942 Mccormick Hill
664539.458,13.89,7.22,2.56,18080,1775604.152,80 Lukken Place
191607.014,13.71,3.84,1.31,15024,9725018.992,9 Westridge Park
659726.79,10.11,4.51,3.07,15338,8952653.205,66 Corry Court
285125.44,1.35,6.92,4.05,17295,8658832.543,937 Troy Plaza
787914.746,11.31,7.93,2.12,14623,9490995.29,14 Macpherson Circle
649122.626,11.09,9.21,1.94,13999,8067102.765,982 Lakewood Drive
861529.518,9.08,9.57,2.28,15418,5895990.93,8469 Debra Crossing
856071.238,12.96,8.26,2.47,17507,4755990.159,119 Mallory Terrace
739149.964,6.06,8.09,4.14,19547,7794910.354,5491 Fuller Hill
903778.656,6.62,3.95,1.03,16884,5399598.651,896 Red Cloud Park
514331.672,13.72,6.27,2.73,19053,9309454.34,4 Londonderry Way
236012.58,8.58,6.36,1.54,17141,3825620.655,50 Becker Place
297690.776,11.12,9.13,4.0,14802,5042264.881,6 Sachs Crossing
753869.458,1.45,5.25,2.71,14080,1398173.941,1 Shasta Street
975181.631,5.3,3.48,3.48,17728,3593677.179,942 Clyde Gallagher Plaza
662158.251,6.74,7.92,3.77,14209,8575680.049,5326 American Plaza
817730.007,7.47,3.44,3.44,12924,2343717.863,96505 High Crossing Pass
325983.558,4.92,3.2,3.2,15940,9598575.053,45 Fulton Plaza
694454.223,1.9,7.97,4.4,16581,9159648.272,25 Stone Corner Place
332508.685,10.97,6.06,1.14,16923,7491714.309,59 Dottie Court
678886.565,9.73,7.41,2.86,17154,9172678.391,47 Northview Drive
190697.139,9.01,6.75,3.9,13797,9152007.447,7003 Surrey Crossing
522760.44,5.56,5.28,1.02,16613,4085309.025,46 Thompson Parkway
395874.783,6.39,6.17,3.62,15878,4264400.984,666 Kenwood Lane
445911.339,10.83,8.41,3.83,17349,5507486.965,56 Corben Street
583590.542,2.62,7.27,3.26,12048,2948096.039,7 Michigan Junction
748488.586,14.04,8.61,4.17,14891,5902030.353,2 Blaine Park
976944.701,10.66,5.58,4.18,13547,1929304.511,976 Sage Trail
249080.376,1.31,7.26,3.2,12709,9495009.705,21066 Surrey Lane
619178.554,10.93,4.48,1.78,12251,8388650.404,00841 Ridgeview Crossing
847996.659,10.79,6.82,4.13,12896,5839706.722,300 Dottie Plaza
983057.995,5.78,9.54,1.49,16785,3107222.006,863 Darwin Crossing
789019.953,7.18,6.07,4.5,18892,6241615.639,0 Iowa Place
226867.445,11.25,6.19,4.39,18578,6843949.949,557 Sheridan Crossing
799100.575,9.57,4.98,2.46,15060,7804150.316,6788 Menomonie Junction
185475.82,8.71,4.47,1.76,16127,3567859.563,4903 Brown Hill
416356.893,8.81,3.87,1.9,14979,7395888.069,0277 Toban Park
334340.857,5.34,3.47,3.47,12692,6759668.377,836 Debra Lane
162280.829,2.37,4.55,4.42,17741,2104786.16,63 Iowa Point
768553.954,2.0,3.17,2.22,14239,7746474.909,5 Dovetail Alley
171648.745,1.85,9.55,1.29,19339,9263468.458,9891 Colorado Circle
830016.759,2.68,6.14,4.72,17781,2275763.642,5439 Dovetail Terrace
696179.372,2.98,9.29,2.38,15357,8466946.523,66 Buhler Way
267096.992,11.82,4.4,4.05,12885,7111473.967,78438 Garrison Way
312539.521,13.11,3.82,1.64,14911,8768888.368,1501 Clarendon Court
944497.238,2.21,6.93,3.86,12776,9539956.22,34344 Corben Terrace
897386.84,6.69,9.81,3.71,18511,3906687.567,32 Chive Road
315298.453,5.33,3.98,2.58,14746,1343096.447,129 Bartillon Drive
445667.108,12.9,6.42,2.85,12317,9980064.072,7269 Grasskamp Avenue
502434.109,12.87,9.16,3.19,19793,1668882.742,589 Dovetail Trail
331904.861,8.86,4.55,2.65,12284,6458173.451,7 Blackbird Terrace
720406.084,10.53,9.49,2.76,18809,2703164.316,812 Eastlawn Place
854167.329,7.1,3.77,1.7,14904,8979669.826,55785 Meadow Vale Pass
197949.572,13.87,6.22,2.87,15665,7278412.376,0 Village Center
871358.882,2.19,8.51,4.95,16293,4854729.708,59945 Warbler Junction
784724.634,1.64,4.42,4.41,16239,1282522.587,8 Scott Road
292350.515,6.01,6.29,1.51,12429,9059813.106,94090 Farragut Plaza
296847.75,2.56,6.14,2.89,19050,1431546.321,860 Hoard Crossing
393876.895,14.27,4.54,3.59,18050,3232478.4,769 Westridge Circle
121803.525,12.97,4.79,2.1,13526,3051443.316,82969 Autumn Leaf Trail
865615.881,10.5,5.35,3.35,14450,6603155.071,803 Waxwing Center
556482.544,4.61,5.84,3.63,17120,3576704.639,0 Blaine Lane
310406.444,8.93,9.52,1.97,15174,1404281.051,365 Fremont Crossing
727646.538,1.66,3.02,3.02,14630,5428333.119,73957 Harper Pass
809594.411,4.25,5.28,4.97,16974,1968987.233,2615 Mayfield Parkway
110566.901,13.9,5.45,2.91,17740,1677433.178,13206 Pleasure Street
216723.357,2.78,8.67,4.72,17308,5808040.732,159 Anthes Junction
104488.984,3.76,4.04,4.04,13535,6740182.786,8682 Clyde Gallagher Pass
841804.99,14.81,3.92,3.92,13847,1887941.057,8 New Castle Crossing
457037.851,11.05,6.91,3.72,19299,6174095.612,3603 Cascade Hill
487937.658,12.55,3.14,1.51,16626,7526932.156,6588 Hovde Terrace
842923.706,6.56,8.01,3.83,18033,1389495.257,2 La Follette Park
701007.05,13.86,4.24,4.24,16226,1370581.349,0 Bultman Road
535505.049,14.11,8.79,3.34,17216,8877315.438,98 Loomis Park
133849.521,6.35,5.64,3.07,15795,6923719.383,22 Carioca Center
768207.11,10.23,4.52,3.67,16023,3898498.661,34 Fisk Place
225422.847,11.23,8.36,1.1,13339,6818607.188,646 Arapahoe Court
713604.066,12.4,9.74,1.36,14797,2881873.858,75378 Brickson Park Way
573483.906,11.06,9.27,2.96,15361,1847278.153,8 Mallard Center
626206.04,7.7,4.36,2.96,19079,5291691.158,163 Glendale Crossing
441237.997,2.67,4.19,2.93,13541,7042546.909,881 Hauk Trail
304418.848,11.4,7.44,1.61,12412,4743089.056,343 Utah Lane
805872.652,7.48,5.4,4.81,12575,8221983.806,4 Welch Crossing
370036.282,8.37,7.05,3.24,13129,6035077.577,5 Leroy Pass
898085.008,6.4,4.4,4.4,13219,4180879.672,35 Longview Alley
527221.704,1.89,3.49,3.15,18645,3096917.932,8 Nevada Lane
834752.273,8.25,3.46,3.46,14131,7943125.736,316 Lawn Point
982200.271,7.37,3.52,1.89,16542,6901932.052,85 Gina Plaza
724712.622,9.93,6.24,3.83,17264,1915609.269,5364 3rd Center
846986.603,4.28,9.07,2.28,14513,1666620.07,2 School Court
310353.405,4.06,8.34,2.94,19370,3502861.822,2039 Sugar Alley
125947.876,8.0,6.01,1.53,18855,2461208.801,31 Hermina Circle
297352.933,12.98,3.86,2.66,16131,2757196.416,2752 Steensland Hill
420600.911,1.95,9.26,2.84,14024,2707126.334,22633 Glacier Hill Way
548062.819,1.28,7.53,4.63,19576,1936524.372,6806 Stone Corner Road
877381.97,8.72,6.74,4.82,13100,6491072.401,38 Hallows Circle
329869.125,5.24,4.8,2.25,17499,7536259.202,95 Judy Junction
712754.762,8.92,5.01,3.14,15887,6223277.408,2 Surrey Junction
936209.652,10.49,5.42,1.35,12070,2396984.451,7245 Dennis Alley
464634.376,11.05,4.42,3.14,19427,6320829.602,15 Elka Street
739198.398,12.9,8.06,1.34,14604,6928871.402,38 Fairview Park
800559.995,11.26,9.57,3.2,16065,6121758.481,8 Rockefeller Park
376550.954,8.45,8.9,3.17,16395,5190791.942,00 7th Terrace
117699.183,13.28,9.2,3.67,19194,1956512.214,84706 Bunting Center
927936.095,11.03,5.35,1.0,12203,2482645.572,927 Dennis Parkway
589986.634,11.08,8.43,4.87,15989,5508453.724,6028 Surrey Avenue
318105.351,9.82,8.1,1.07,14553,7311302.177,72952 Stone Corner Plaza
123095.867,2.16,6.31,4.68,16951,5675688.322,27 Northport Street
379766.994,7.87,3.65,3.65,13316,4978236.749,0005 Trailsway Park
263678.125,13.73,8.52,1.33,17876,9431259.745,78 Melody Crossing
829949.164,5.47,8.97,3.2,19497,9900561.952,097 Muir Avenue
133442.767,6.77,4.84,2.62,17882,5842454.915,92 Independence Center
795628.529,9.6,9.61,3.85,13729,9302613.98,67892 Anhalt Trail
647894.191,13.88,8.18,1.5,15743,8547616.275,02746 Bayside Street
557901.106,2.18,6.7,4.66,17284,6657102.743,8 Starling Lane
535621.048,6.7,6.93,4.2,12263,5028226.862,0042 South Junction
877076.616,3.17,8.0,3.52,13059,7267622.253,80143 Melrose Parkway
782527.462,12.04,5.94,1.22,14172,6396975.006,1 Corben Circle
471396.576,4.91,8.46,3.01,16330,4138433.912,8 Fordem Avenue
342549.167,2.09,5.1,2.14,18935,4005543.208,8312 Commercial Parkway
339429.083,5.53,5.78,3.05,17120,3814465.151,821 Emmet Crossing
825419.205,7.48,9.42,4.87,17524,9094041.024,3 Sunbrook Plaza
532181.728,3.76,7.84,1.19,15432,5331539.234,58132 Bartillon Avenue
464146.311,4.62,8.71,2.57,13990,4711636.792,22840 5th Plaza
433977.165,4.38,3.58,3.58,18663,4159302.068,6276 Harbort Circle
800344.18,12.01,9.44,3.32,14453,3484787.009,5 Anniversary Drive
466802.677,6.16,4.65,4.18,19068,3230548.486,53 Leroy Center
964691.096,9.12,6.61,4.52,18943,4860793.161,25351 Claremont Circle
921055.261,7.07,7.92,2.72,13978,6377421.59,969 Mallard Alley
703704.638,9.04,7.67,1.96,15344,1576105.763,93444 Jenifer Park
781135.489,5.03,6.0,1.18,15074,9959573.877,3 Nelson Crossing
903395.326,8.26,8.38,2.33,15013,7609135.713,2818 Annamark Avenue
819375.269,3.42,9.95,2.74,13123,1795304.172,13093 Prairie Rose Place
315943.886,14.65,5.42,4.79,13213,3717994.06,4679 Pearson Street
395849.177,5.17,6.95,4.53,12574,3521864.824,4 Dovetail Alley
980611.659,9.84,8.29,3.93,13772,5219557.052,8 Laurel Junction
834588.703,2.89,3.54,3.54,12939,3187682.873,48 John Wall Drive
919121.806,11.72,8.19,1.87,15214,6551444.447,492 Helena Street
787194.303,6.75,9.82,2.67,16719,9174207.801,86253 Texas Trail
171180.459,14.84,9.23,2.95,12692,7178424.699,6220 Morning Alley
173525.496,7.51,5.15,3.06,17857,3034390.726,540 Memorial Parkway
738935.979,2.57,4.83,2.47,14357,3243330.432,70162 Cottonwood Pass
357254.672,1.17,5.16,3.99,16727,5820722.795,5 Waubesa Circle
121687.01,3.14,9.19,4.22,15266,7427637.136,511 Cody Street
454369.781,9.04,6.97,4.04,19845,3040281.096,51914 Springview Junction
132657.142,9.1,3.25,3.25,12076,8297137.266,42 Center Hill
437586.142,9.69,7.29,3.48,17284,6050755.269,7 Columbus Way
528431.892,11.1,5.76,1.12,17630,2020023.33,3 Westend Trail
736331.394,10.07,3.98,3.98,16503,2042412.516,2 Raven Court
404105.373,9.52,7.41,3.86,14083,5353938.611,90 Shasta Center
383332.426,2.98,5.01,1.35,12012,3827671.522,346 Delladonna Center
990149.946,5.82,8.17,4.48,17083,9599699.303,74520 Garrison Circle
395633.948,12.35,8.98,3.6,17066,9468032.1,5 Old Gate Park
523072.276,7.36,7.23,4.85,15566,1901635.349,66043 Sherman Parkway
883943.321,7.76,6.81,3.04,17313,5736685.06,811 Tennyson Hill
427184.226,13.9,7.25,2.79,12281,5377950.837,09 American Avenue
907324.753,12.22,4.8,2.48,19037,1289540.422,08 Sugar Lane
542479.987,10.82,4.03,4.03,13429,4683991.482,0772 Oak Avenue
148178.284,1.27,7.35,1.52,13466,4096465.556,105 Burrows Way
202231.666,5.56,3.22,3.22,16445,3607282.889,635 Steensland Parkway
966077.104,10.33,3.65,3.65,14084,3724926.411,74571 Mallory Alley
224200.04,5.83,3.03,2.06,14547,9813579.461,37282 Manley Court
323488.566,9.55,9.62,2.46,17615,7096130.517,322 Marcy Park
657705.799,8.88,4.97,1.94,13234,7706690.291,13265 Summer Ridge Point
222008.869,12.42,8.77,1.52,14255,3054758.45,32369 Meadow Vale Parkway
593891.036,14.54,9.51,3.28,12879,2902233.103,159 Hayes Trail
470633.585,11.14,3.55,3.55,15346,2299918.056,9651 Oxford Plaza
474085.456,8.32,6.5,3.36,17121,2260503.929,93 Arrowood Court
996536.843,13.04,8.08,2.44,18435,6051883.985,904 Glendale Court
938946.424,8.61,8.81,3.11,16549,1169927.56,64916 Columbus Junction
723237.151,2.79,7.98,2.43,17846,9219217.213,84 Forster Place
533026.392,6.93,5.2,3.05,16881,6790055.621,95 Anzinger Point
176058.389,10.86,4.59,1.82,16463,1488335.605,68 Anderson Crossing
868888.521,4.66,3.04,2.83,17386,8952483.914,33292 Pearson Alley
205688.052,7.44,9.18,4.57,13351,9441395.181,5 Randy Junction
959454.275,7.12,3.01,2.08,13073,4098234.539,85 Washington Parkway
370881.997,2.2,9.38,1.17,18239,2561587.063,0 School Hill
790147.366,8.6,7.22,3.52,14766,2797944.27,16461 Ridge Oak Road
193411.552,11.31,8.93,3.88,18598,4475382.709,35 Cottonwood Center
453213.979,5.51,8.72,4.85,17849,5122563.007,0 Little Fleur Parkway
353056.047,11.58,7.11,3.73,12620,2949712.442,3 Sherman Trail
978862.696,6.05,9.63,4.19,15682,6791422.363,9 Forest Run Court
236925.124,3.38,4.63,4.63,19536,9055720.398,397 Gale Court
609183.948,8.61,8.66,2.05,15772,1315224.832,11777 Luster Drive
258822.068,12.6,5.44,3.73,19203,8604700.768,8 Brickson Park Crossing
995108.414,4.09,4.64,2.89,17376,9462914.775,43466 Texas Crossing
463530.773,3.04,5.21,4.67,13811,8909564.702,911 Talmadge Drive
886314.888,13.93,7.72,1.63,19095,6302525.921,7 Center Drive
269012.52,10.48,6.23,4.86,14695,2822791.343,6 Spohn Street
333400.035,13.42,9.22,2.57,16629,7510746.113,53 Packers Plaza
878412.078,10.81,8.46,1.88,12588,7796003.338,9 Canary Hill
989411.623,6.24,8.97,3.87,12727,3616940.664,5 Trailsway Terrace
721312.915,4.4,7.82,1.05,16093,3978199.641,3 Gina Court
663001.655,11.25,3.4,2.94,16974,1868013.105,6896 Londonderry Alley
262199.737,8.14,8.74,4.43,18550,8041849.508,67 Nova Trail
587687.851,13.96,7.35,1.27,13553,9192002.501,3 Del Sol Place
650733.497,9.42,4.72,1.28,15732,9460493.976,61 School Hill
231036.679,13.58,7.23,3.04,17354,1554232.493,7 Scofield Junction
332049.621,7.62,9.36,4.26,19665,8262249.617,40799 Miller Circle
604770.029,6.15,5.47,2.28,16675,2229759.62,11100 Lighthouse Bay Alley
691510.269,3.37,8.75,2.17,19688,5292498.159,77660 Stang Way
355478.53,1.49,4.99,3.91,14094,7031512.089,4210 Daystar Junction
155905.186,8.93,3.15,3.15,12694,5622563.18,30868 Anniversary Park
705963.944,1.45,6.82,1.12,18430,2996740.446,1834 Northview Pass
788475.657,3.34,8.01,2.61,17724,8546954.861,7550 Buena Vista Lane
111957.648,11.65,8.65,2.04,16527,5715543.228,621 Esker Court
799393.785,6.53,8.25,2.35,14115,2932149.04,69 Shoshone Park
887333.433,8.93,9.48,2.16,13159,6267224.566,9 Monument Point
286195.033,1.25,4.3,4.3,13655,1860046.567,1654 Randy Crossing
561404.865,12.82,9.29,2.97,16785,5451586.353,2161 Springs Alley
731950.88,8.95,5.17,3.29,14691,7720939.875,6219 Oakridge Street
613855.091,5.84,6.91,2.02,19314,6473499.795,32 Gale Hill
431530.54,5.48,7.4,3.96,12922,9683876.186,3 Florence Terrace
881700.318,14.29,5.23,3.31,18347,4169146.283,17778 4th Circle
338345.412,13.04,6.87,3.17,15378,8701871.428,91 Mcbride Park
123906.049,13.46,3.46,3.46,18081,6741486.905,59202 Commercial Point
680188.446,5.18,9.2,3.1,17929,9524595.063,0 Bowman Terrace
870676.819,3.33,9.14,3.4,12832,4563315.121,7752 Bonner Lane
954330.985,10.14,5.0,4.04,18169,6552267.557,675 Bluejay Trail
470920.665,2.45,6.08,1.47,13769,2555630.752,87005 Carberry Park
943252.711,7.59,9.94,1.27,15723,2904494.079,73794 Hoard Point
598773.5,12.2,4.57,3.53,14255,4562790.316,67538 La Follette Alley
629429.315,6.08,5.09,3.24,19602,3119018.952,22013 Donald Alley
505657.765,5.08,5.13,3.11,19086,8678531.611,5419 Clove Street
165142.545,6.83,4.36,1.39,19508,6020902.234,14 Lakewood Gardens Street
636265.708,14.43,4.15,1.54,18834,9360839.196,391 Northland Center
264249.3,8.91,9.96,1.49,13205,2120535.333,36 Walton Junction
583247.043,2.36,3.17,3.17,14722,4362861.37,869 7th Hill
378079.537,7.02,5.91,2.07,16961,8075541.66,0857 Harper Circle
261222.218,1.64,7.34,3.72,13718,7407236.136,4 Butterfield Hill
971695.704,12.36,7.77,2.88,17351,2065532.168,744 Grasskamp Terrace
958441.668,4.59,9.97,4.25,16438,3539106.531,7162 Ilene Circle
325583.862,4.37,9.15,4.87,16184,8600578.219,92 Loeprich Way
352939.273,1.35,9.71,3.96,18675,9669285.488,1171 Southridge Circle
888059.094,6.02,8.27,2.14,17082,1958596.979,59399 Melvin Center
494123.361,13.64,9.68,2.09,15244,7991953.245,89777 Tennyson Plaza
323631.865,7.62,6.78,1.24,19313,9807672.536,68433 Farwell Junction
300411.605,3.8,4.53,3.32,12022,1639945.68,5328 Carpenter Place
996766.628,14.25,6.83,2.9,18472,2957390.835,56 Melvin Parkway
314852.753,11.4,8.26,2.56,13146,9796783.825,42 Lyons Way
616348.344,14.86,3.84,3.84,17463,4821523.488,686 Lakeland Drive
292888.516,9.0,4.66,2.38,13207,2341772.485,09 Dennis Hill
712608.585,6.52,3.25,3.25,19606,7313876.143,568 Park Meadow Junction
766094.938,12.67,4.07,4.04,14029,5346655.01,4492 Dwight Park
589777.262,5.32,3.81,2.26,17743,9882039.87,7404 Bartelt Way
966546.442,9.68,7.31,3.74,19559,8924226.958,11 Randy Place
695137.417,4.63,6.74,2.24,14982,3479644.354,70 Thompson Pass
640326.753,11.17,9.31,2.6,12813,9370808.932,2 Monterey Circle
377397.261,1.93,5.24,3.78,15305,2270285.457,4583 Jay Center
869423.86,12.08,7.59,4.01,15994,3924689.973,95 Eastwood Center
791419.761,13.58,8.68,3.73,13907,7728296.986,173 Tomscot Crossing
818947.607,7.9,4.66,2.75,17551,1128765.986,23 Merchant Trail
976578.852,7.89,6.45,4.83,19182,1730756.506,306 Glendale Court
525731.465,5.17,8.14,3.81,19905,8844620.17,7178 Summer Ridge Road
949539.42,3.3,9.63,3.51,16978,8226394.958,633 Troy Junction
199709.116,1.08,8.65,2.08,15472,4145263.085,94707 Swallow Pass
821400.866,8.73,5.3,4.8,13507,2584291.665,73 Mosinee Parkway
691923.47,5.21,5.92,1.33,14398,6423553.202,3666 Lakewood Gardens Crossing
778134.523,8.49,9.26,2.88,16477,5613670.777,12046 Mendota Point
178707.343,10.66,4.69,2.11,17020,6037255.754,03 Schurz Crossing
188156.702,3.36,3.84,3.84,12298,5242460.547,2 Butterfield Lane
695757.001,13.25,9.37,4.2,18697,2034080.286,79285 Scoville Center
292520.831,5.7,7.54,4.02,19581,9938793.189,045 Helena Road
976494.662,2.85,6.43,3.07,19688,8914649.68,4 Redwing Parkway
606347.966,8.76,3.24,1.91,15231,7439693.502,44034 Melody Plaza
677251.374,5.35,7.55,2.91,14603,7572138.053,1519 Stephen Hill
440977.058,8.53,3.06,2.34,16998,1556986.998,6 Twin Pines Road
246801.464,11.02,7.89,1.61,16267,4417079.854,0 Orin Way
588660.878,12.7,3.95,2.54,18679,7236524.68,1719 Onsgard Avenue
617145.679,10.71,7.85,2.74,15308,3407987.938,120 Dapin Lane
434089.899,7.56,9.38,2.2,14135,3282692.757,832 Montana Alley
322381.883,14.17,8.44,1.43,17407,7463244.097,24192 Loomis Plaza
139576.917,9.91,8.23,1.71,13404,1156341.408,6 Dorton Hill
410427.861,10.54,9.01,4.8,13304,2811201.926,61448 Lakewood Terrace
474230.875,1.55,9.05,4.89,12227,4981405.505,045 Scott Plaza
824962.691,1.38,4.84,1.15,15540,7593664.209,2818 5th Court
822100.999,11.43,6.87,4.92,16649,9567015.698,74147 John Wall Avenue
948965.072,14.65,3.96,1.94,18150,8081344.978,84197 Main Street
353942.099,8.16,3.35,3.35,15527,2716932.581,41190 Grover Park
382282.222,1.32,5.34,3.89,17737,9787026.112,843 Hagan Circle
203855.204,11.37,4.15,3.14,14016,9452440.022,1 5th Street
887219.926,2.89,7.91,1.56,18166,2699257.646,3 International Hill
972685.992,14.1,8.72,1.41,19431,8903091.069,7 Goodland Lane
131382.234,5.21,8.61,3.35,15170,8375541.879,94198 Hudson Lane
402848.108,1.82,9.89,2.14,13713,5240621.362,70942 Dakota Terrace
150374.58,3.11,8.11,2.7,19030,2081586.165,62144 Becker Alley
923152.976,3.3,7.64,3.64,16977,2213473.969,551 Mallard Hill
486021.709,6.25,4.97,3.96,14712,3948309.741,461 Huxley Park
357045.895,13.29,5.81,4.21,13300,1832117.265,809 Fordem Road
388162.835,6.31,7.66,4.74,18677,9912248.116,04512 Stuart Alley
143344.389,14.55,3.49,3.49,13374,5674732.283,033 Holmberg Lane
910230.776,4.52,5.73,1.34,17944,4923642.133,15 Buell Trail
638620.149,7.68,4.92,3.87,12998,2884333.081,040 Hoard Pass
518562.897,8.13,6.01,1.49,14298,4377578.858,8 Sunbrook Circle
927785.792,7.94,4.29,4.29,17524,8607290.268,1482 Rigney Hill
443838.166,4.26,8.44,2.17,18626,2842113.43,2345 Sundown Drive
930730.202,2.65,5.84,2.82,17837,6211147.802,90771 Longview Park
760811.146,4.29,8.44,3.54,18123,5761404.309,13 Raven Circle
727950.243,13.97,7.81,2.04,15436,4733955.403,01185 Clyde Gallagher Drive
952095.733,9.04,7.16,1.61,14825,3817733.656,176 Evergreen Terrace
182056.341,2.33,5.98,2.43,18303,2056312.362,9 Schlimgen Terrace
515513.569,11.31,9.02,1.17,15163,9686139.872,9433 Reinke Place
763108.676,3.92,4.41,3.75,18898,3968823.597,42260 Dayton Alley
191153.338,2.57,8.05,2.24,15163,2226364.388,3017 Di Loreto Drive
286471.713,8.56,9.88,4.55,12534,5174620.257,76 Sloan Circle
475689.181,13.87,3.64,1.19,16824,9020663.809,6 Muir Hill
247958.109,13.83,7.47,2.63,12443,3148248.785,0 Petterle Drive
344293.907,2.82,9.69,2.74,14285,4303382.653,265 New Castle Junction
264504.084,13.09,8.1,2.66,14044,5558266.551,36 Michigan Point
508572.744,6.96,6.44,1.65,17064,5017842.328,004 Sachtjen Junction
676888.586,10.63,4.21,2.32,13576,3139782.866,1 Schmedeman Road
193466.352,12.28,7.92,2.85,17552,1997221.327,529 Sullivan Street
183534.464,6.74,4.64,2.0,16060,9200230.367,13 Waxwing Center
337240.868,4.22,8.96,4.57,18716,8546597.342,7842 Waywood Drive
251874.599,3.21,4.54,3.78,16799,5411313.959,0 Starling Point
673447.241,5.75,5.23,4.77,15710,2201653.094,4068 Packers Road
327197.64,14.57,7.17,2.93,19490,2955589.342,455 Dorton Way
142670.401,6.15,8.99,3.82,12120,1209424.134,5 Aberg Plaza
404102.328,13.7,4.79,1.28,14097,4886382.503,7 Bultman Lane
715391.12,5.53,7.62,4.85,13903,8352892.625,4 Portage Trail
375874.138,13.22,8.88,1.07,18696,6037341.665,2 Division Pass
901952.6,13.29,8.71,3.16,14464,8838403.865,3 Sutteridge Hill
609466.641,8.95,7.97,3.65,18916,4806958.148,3 Merry Court
123746.723,8.47,6.89,3.06,18025,7034820.402,9689 Sachtjen Plaza
888365.462,9.26,5.18,4.23,18841,8078076.032,4381 Clyde Gallagher Crossing
363215.372,7.96,8.86,1.85,15639,2051313.895,43126 Loomis Trail
934423.8,13.33,3.06,3.06,12158,1453062.455,4650 Warner Center
850073.49,8.49,7.88,3.47,14476,6431640.548,32 Scott Road
549308.906,10.0,7.91,1.53,18973,2672568.067,607 Melby Way
201306.967,14.17,7.9,2.24,19345,1249142.78,0474 Esker Street
682392.106,10.96,7.6,3.69,17870,3199977.668,048 Holy Cross Avenue
907435.254,12.45,4.63,2.39,18158,5183883.057,0394 Sunfield Drive
629882.68,3.95,4.44,2.02,16340,3430996.764,64 Schiller Trail
998317.224,11.63,7.21,2.79,16058,5010555.47,657 Northview Crossing
359456.441,2.1,7.91,1.07,15535,9196285.544,7665 Carioca Center
741059.908,4.75,8.44,3.97,18513,8972095.091,21 South Lane
904097.483,3.59,4.9,4.08,16289,5826040.454,976 Mcguire Lane
408503.917,14.47,9.43,4.49,19523,1151472.188,898 Anniversary Road
990025.091,12.69,5.6,1.94,13951,7027473.862,8 Arizona Crossing
629681.681,8.61,7.28,2.29,16223,5675204.523,214 Lukken Road
190452.626,1.77,4.03,2.19,16241,2086825.761,44336 Farmco Pass
166181.872,2.42,6.66,4.29,18407,2672866.789,57134 Orin Parkway
264317.74,7.9,9.9,3.65,14741,8615935.409,8 Hollow Ridge Parkway
593547.089,10.05,5.34,1.37,18873,3599472.94,154 Oriole Hill
290390.972,12.32,7.38,4.27,15369,6514136.537,2 Maple Street
380991.049,6.53,5.72,3.66,18954,8060338.936,0951 Cherokee Point
863658.043,2.25,4.86,4.6,16252,4149219.095,63561 Village Green Drive
244644.212,4.21,8.75,2.58,12565,7061295.076,9 Hermina Street
199929.235,5.19,5.88,4.5,16162,6061321.475,1652 Logan Center
422384.604,9.73,4.32,3.44,15536,7153813.179,393 Milwaukee Plaza
345979.573,12.57,6.28,4.09,13625,6321588.449,3 Declaration Court
656106.39,3.22,6.4,2.0,17222,7350145.753,40318 Orin Point
691374.169,14.84,9.9,2.08,15855,7368230.819,26 Sullivan Lane
805362.077,12.88,7.73,2.14,14490,1898389.091,83492 Cordelia Hill
574459.612,9.44,3.79,3.78,18979,5003598.477,37140 Meadow Vale Road
362008.474,4.77,9.66,3.06,18047,8306928.891,9 8th Junction
959098.078,12.91,8.78,1.6,12016,4294538.384,18 Bluejay Plaza
206324.576,7.44,6.53,3.53,12011,5535310.057,71806 Hazelcrest Drive
857349.502,11.36,3.41,3.41,15067,3804208.772,47670 Magdeline Parkway
323915.179,12.42,9.06,4.72,12858,6249491.804,5747 Anhalt Drive
968159.214,6.03,4.69,3.96,17353,5961462.509,297 Lawn Point
653424.877,8.18,8.42,1.28,16953,6910630.194,975 Boyd Circle
948099.436,10.25,7.72,4.0,15510,4372905.098,6073 Northwestern Junction
552371.28,3.86,5.9,1.03,17687,8076448.613,7 Buell Alley
627541.499,6.24,3.34,2.03,15689,3822597.734,6 Maryland Point
143121.563,3.99,5.88,3.86,13422,6511441.687,53 Hallows Place
283582.574,6.06,3.66,2.6,18965,9806776.083,52862 Maple Crossing
729290.853,1.92,5.36,1.35,15342,3104131.866,44872 Forest Run Park
930963.105,10.39,6.51,1.5,12638,1621942.581,854 Portage Crossing
218072.901,13.44,3.86,3.86,15669,5596889.53,27 Green Ridge Avenue
842417.396,5.97,7.08,1.82,12092,9630755.146,66 Weeping Birch Avenue
850286.59,14.99,8.5,2.71,16886,2273090.539,8 Pearson Pass
829154.726,10.3,8.96,4.6,12208,6383151.084,77 Westridge Crossing
181876.342,9.75,3.49,3.49,14470,7901936.294,4 Hovde Terrace
432222.417,3.55,6.39,1.94,19044,1894188.669,66088 Mccormick Junction
952703.189,9.66,5.38,3.5,17759,7326813.623,8842 Starling Place
291223.082,7.49,6.55,2.11,19293,7572900.553,6907 Golf View Parkway
878316.437,1.08,7.63,3.95,16893,9657536.832,2 Crescent Oaks Trail
725392.876,5.78,5.33,1.66,19968,8282815.088,77934 Sullivan Crossing
963310.246,14.32,7.16,2.77,15146,5340259.949,144 School Crossing
566882.714,6.63,4.94,2.96,17731,5484987.123,247 Riverside Place
799485.628,6.49,6.36,2.88,19314,7224075.449,7 Merry Pass
357662.63,5.83,3.7,3.7,17004,5917082.583,2 Dunning Way
326945.413,11.68,6.79,1.87,13401,6506003.103,20 Quincy Parkway
316199.516,14.83,3.31,1.11,16516,9877563.297,00 South Alley
528657.089,13.55,6.52,1.84,13073,8072897.365,00 Old Shore Street
220131.743,4.62,8.66,4.41,19310,5112975.1,5608 Jenifer Crossing
906553.293,7.88,5.23,4.45,14688,1534604.282,71 Maple Wood Point
976849.883,10.54,7.2,1.67,14482,6163882.784,8 Carberry Crossing
889165.233,11.79,7.93,1.94,15448,1956184.692,629 Trailsway Drive
659976.398,3.95,6.81,4.86,13386,3293357.71,741 Florence Trail
760189.551,13.92,5.49,3.79,15827,1024446.196,3 Dorton Circle
421137.456,9.33,6.36,3.11,13556,9327878.913,2 Sherman Court
741377.62,4.17,3.16,1.16,16299,2322599.739,86171 Hazelcrest Drive
612978.804,11.21,9.38,2.74,18270,1954446.366,30966 Tennessee Hill
226146.872,4.53,3.28,3.28,17996,1382776.639,6485 Nova Circle
856884.32,5.93,7.45,2.92,19707,7786899.566,4931 Loeprich Terrace
410267.622,10.13,5.0,4.23,18716,3824708.557,6 Orin Lane
600796.519,2.38,3.15,3.15,15279,4072123.285,07934 Kennedy Plaza
553706.54,5.23,7.47,4.14,18595,4276699.511,6 Gateway Lane
895099.686,6.66,9.14,1.8,14570,6436928.83,6 Ridgeway Alley
466635.367,1.08,9.73,3.12,19310,1581642.601,2 Mccormick Hill
354774.539,5.77,7.33,2.88,18250,5751550.256,353 Golf View Hill
831386.668,4.95,7.25,3.57,19881,4985277.202,2 Farragut Street
856708.117,7.89,6.91,1.92,17011,5870829.397,547 Lake View Crossing
566848.436,1.21,9.25,3.69,13981,9784479.236,53230 Briar Crest Way
289585.751,2.91,3.0,2.44,15257,8089566.821,688 Ilene Place
902424.692,12.22,5.13,4.86,15639,1071606.081,1586 Ruskin Point
600662.521,2.19,5.12,2.02,18326,5677145.009,98 Gina Road
208514.784,6.04,9.11,3.34,17135,3056847.262,43066 Schurz Alley
261655.884,4.98,7.93,4.17,15974,4507552.057,4 Prairie Rose Trail
393967.986,4.33,6.3,4.76,16846,2138149.899,66339 Mosinee Lane
188352.703,6.15,7.77,2.98,12230,8343759.367,82406 Schlimgen Lane
139378.675,8.39,5.97,1.41,13053,3892364.739,16 Lawn Lane
885332.561,1.21,8.4,1.33,18691,7948723.583,5 Bluejay Plaza
576393.678,8.1,3.59,3.59,17793,9709213.451,77 Cody Crossing
333756.622,14.61,4.79,4.02,14051,1713364.898,08 Kenwood Alley
508545.254,4.88,8.67,2.11,13104,3676835.163,637 Waubesa Pass
272917.802,4.61,6.53,3.98,15434,5200278.121,662 Valley Edge Parkway
897743.12,7.21,6.78,1.81,15188,8527113.266,595 Kings Street
216093.918,3.75,6.05,3.54,19715,6171656.463,66 Cardinal Park
912745.59,14.83,5.35,1.94,15010,4685278.872,63351 Paget Way
140093.305,7.87,9.98,4.13,17704,2683494.318,05 Monument Place
942451.716,4.49,9.91,1.9,15252,4142061.745,120 Elka Court
310115.572,8.93,7.66,1.17,13629,2353640.912,706 Waywood Road
819604.374,8.06,5.51,1.96,13069,6697075.752,25 Golf View Hill
828335.551,14.8,7.54,1.15,12315,2222235.542,303 Clyde Gallagher Avenue
616770.877,7.31,5.38,3.18,19958,2065840.753,34636 Algoma Plaza
752804.37,13.32,4.95,2.55,17956,3180661.164,000 Wayridge Hill
513910.333,3.13,9.03,2.95,15709,7441528.61,73 Talmadge Lane
154413.994,1.84,6.25,2.99,17980,3025960.533,726 Lakewood Gardens Circle
281794.477,6.13,7.47,1.8,14710,2040279.22,3236 Loftsgordon Trail
638274.996,1.28,3.71,3.03,12881,6989058.315,30 Arizona Road
621831.477,11.64,8.5,2.54,14764,7112094.198,57 Raven Point
643850.366,6.31,9.05,3.51,14747,7292197.036,92 Oakridge Junction
469920.254,6.4,4.56,4.38,14277,6086989.144,789 Darwin Pass
644890.627,8.27,7.55,2.84,14254,3149283.584,742 Anthes Drive
712745.835,3.35,7.75,1.2,13494,7389406.279,9 Meadow Ridge Way
795932.855,7.43,7.63,4.44,12575,7270517.036,01 Meadow Ridge Junction
240436.567,4.18,8.99,1.76,18580,3143752.568,68235 Butternut Center
206091.857,9.54,8.7,4.73,15565,4672362.29,5 Center Circle
495574.654,13.85,7.88,2.1,13573,3829542.172,98438 Troy Park
600812.927,13.32,8.93,1.12,13350,7955679.705,27 Ohio Terrace
914567.31,2.0,7.22,4.43,19060,6782099.31,078 Artisan Lane
656596.668,7.44,9.06,3.82,17923,4445160.27,4794 Kinsman Avenue
810781.738,8.36,9.33,4.93,13457,6397102.792,7 Oak Crossing
382694.954,12.0,5.44,1.49,14224,9621133.658,6 Schmedeman Lane
851218.184,3.56,7.5,2.62,19151,6990824.198,0862 Darwin Road
799127.576,10.93,3.69,3.69,15165,1625375.404,988 Gulseth Court
784676.948,1.05,7.44,2.32,13496,4696532.9,0 Carey Parkway
277104.63,11.99,9.11,3.19,12971,8866259.823,7449 Crest Line Crossing
971690.951,8.92,6.96,2.53,18234,9766996.673,3763 Colorado Center
374893.122,2.31,3.15,3.15,16189,2711282.635,2 Gulseth Road
131361.046,12.9,5.44,3.59,13187,8025832.157,02192 Carioca Street
680148.409,5.59,5.56,4.32,12218,8094837.58,96 Weeping Birch Point
520319.633,5.07,5.63,4.09,16289,6871470.417,20259 Melby Junction
811836.332,6.1,4.6,1.64,13774,9202344.562,69 Kedzie Alley
596328.969,13.23,7.34,2.41,14975,3668149.677,9 Redwing Street
118524.281,3.98,9.36,3.19,15035,9250306.611,005 Dovetail Road
829986.774,9.66,6.75,4.71,15273,9086549.878,3832 Maryland Trail
289430.093,10.2,3.52,1.89,14014,4354111.662,35889 Ludington Street
998318.561,11.11,5.78,1.9,13736,4619702.294,52 Kipling Terrace
166415.333,4.02,6.97,1.3,18295,7460140.279,82850 Darwin Circle
927753.37,3.8,4.12,4.12,17779,9535313.14,288 Morrow Alley
145523.951,9.49,6.94,1.49,19529,9306320.253,95824 Donald Way
996885.793,14.54,7.2,1.22,15583,2671411.818,6 Stone Corner Parkway
543786.776,4.54,6.22,2.07,18453,9963240.75,14 Hanson Lane
929015.034,12.5,7.78,1.79,15561,4859459.537,692 Farmco Avenue
189128.394,5.45,6.51,3.73,19081,9760911.002,0 Mallard Alley
421504.346,1.82,4.78,2.44,16841,9059176.615,63348 5th Center
564899.7,8.95,5.75,2.99,16468,6299556.466,82 Esch Avenue
650151.778,10.92,8.97,3.66,17114,3883144.51,30005 Truax Alley
105087.101,12.8,3.78,3.78,18789,9855528.762,8 Fairfield Hill
634866.19,5.2,9.5,2.72,16471,7314190.871,86 Vahlen Park
707597.014,3.37,9.37,1.91,14015,1107263.739,802 Havey Crossing
474502.323,2.46,5.77,2.25,13977,1303547.61,475 Doe Crossing Alley
185370.311,13.74,3.17,3.17,17816,8632823.928,1412 Marquette Lane
765996.509,7.26,4.69,1.97,13142,6614059.017,339 Mcbride Way
743232.457,13.05,9.26,4.95,15647,8385068.908,92003 Hayes Junction
228661.742,11.12,3.41,2.87,16617,2417226.897,5 Lotheville Pass
367453.91,5.17,7.04,3.84,19838,7857839.656,77 Del Mar Park
367881.378,7.01,8.17,1.86,14838,2292492.752,015 Killdeer Street
431706.907,11.23,5.84,3.85,19608,4826571.304,71882 Coolidge Place
775776.488,3.67,5.59,3.6,18901,6509804.167,46351 Iowa Plaza
120883.186,11.17,3.7,2.03,15076,7007557.522,356 Badeau Place
670867.175,8.86,9.8,1.28,15094,2991126.162,247 Westend Road
128172.432,14.83,3.75,2.29,17073,4838776.82,4 Annamark Center
169389.525,1.56,8.58,4.87,13118,1922726.996,7075 Maywood Parkway
480839.456,3.54,7.11,4.71,19239,1464695.921,62 Talmadge Street
483684.702,8.93,5.83,3.18,13934,9420047.602,26 Vahlen Pass
356084.644,4.63,3.84,1.52,13736,9174801.513,42080 Dakota Junction
778446.45,13.28,6.15,2.97,14806,4303880.781,7 Center Pass
630482.178,12.28,8.19,1.34,12895,6774839.425,9 Dapin Pass
802849.917,13.01,5.12,1.27,16538,4804247.095,00 Katie Circle
392882.846,14.51,3.9,2.39,17553,9915160.737,06 Carpenter Hill
312519.102,10.25,4.81,3.4,14284,4779781.881,24346 Birchwood Drive
435863.013,6.0,8.24,3.94,15868,5914789.866,31 Graceland Lane
651513.131,14.5,7.41,3.03,19287,2882628.814,22386 Dapin Point
385465.119,7.74,5.29,1.04,17404,5874002.64,1387 Dixon Avenue
965136.562,8.38,9.94,4.81,12291,7818646.673,9783 Drewry Street
720891.173,7.92,8.28,3.36,13326,6912105.903,13 Fisk Parkway
493585.28,1.11,6.44,4.79,18396,4745617.612,54794 Dahle Crossing
248574.562,7.92,7.17,3.49,18029,9645568.858,5237 Summerview Street
982271.248,9.81,8.48,4.28,17285,6757946.318,9 Riverside Junction
685649.778,4.64,6.15,2.07,17246,5299638.44,496 Eliot Circle
540119.013,6.66,3.63,3.63,16497,8647226.868,74 Del Sol Pass
655890.772,6.95,4.76,3.64,14875,7647037.075,21400 Cascade Place
401550.361,11.36,3.78,3.78,12768,8814210.63,434 Paget Avenue
708847.395,8.38,5.76,1.72,12251,7900929.084,5 Kim Plaza
513132.623,1.55,3.7,2.63,16891,6436452.27,6 Eagle Crest Way
694025.608,14.4,5.33,4.05,14901,6643408.106,2526 Fulton Drive
218947.655,14.67,5.69,1.12,13792,4867161.135,3706 Corben Court
918839.223,4.68,9.43,1.88,19181,8669089.855,0 Vermont Crossing
105213.972,4.98,6.28,3.11,15483,6668456.152,60765 Mayer Trail
432951.51,12.67,5.66,4.97,16546,1176422.695,95554 Stoughton Road
591701.587,12.18,7.59,4.33,17670,2263935.247,6 Merchant Trail
531963.457,8.29,8.84,3.34,16537,1208925.543,4471 Village Pass
492077.249,13.98,9.97,5.0,18112,3141030.345,9 Columbus Point
187270.765,13.94,7.54,2.25,15679,4950448.562,45 Coolidge Road
154713.697,1.78,3.87,3.87,17696,7228003.493,220 Merchant Hill
938840.477,13.02,3.7,3.2,13043,7209395.413,1 Mesta Street
895864.373,13.98,5.79,1.58,13251,7489646.797,349 Hoepker Street
438549.166,14.34,8.45,2.09,18024,7806009.923,328 Messerschmidt Way
597931.984,4.01,7.46,1.18,19900,1351247.009,8 Ramsey Crossing
568304.101,10.88,9.59,2.17,12388,2051981.538,225 Sycamore Park
323649.212,6.6,5.65,2.2,18968,2262429.874,7 Manitowish Parkway
528504.42,9.65,6.58,4.59,15839,3449244.279,99754 Kedzie Plaza
309069.225,14.3,6.42,4.53,19839,8686404.338,04412 Schmedeman Pass
104011.022,6.82,5.79,1.35,15568,1450932.182,8250 Melvin Center
103427.866,11.96,5.69,2.43,12009,4209081.068,249 Schlimgen Avenue
254267.221,5.43,8.02,4.28,15734,3356370.346,69860 Bartillon Hill
425542.107,13.31,5.25,1.63,13689,2445251.897,11227 Thierer Road
738382.349,10.32,6.09,1.48,18760,4513740.06,6 Roxbury Avenue
403187.448,9.96,4.38,1.02,19192,1023409.441,473 Valley Edge Place
710687.095,3.43,8.55,2.23,15254,6832228.486,6 Bashford Terrace
927356.383,1.87,8.98,3.99,16946,3538074.161,000 Helena Pass
661967.145,5.08,9.79,3.72,15096,2665357.571,0 Wayridge Terrace
323963.935,8.19,9.92,4.75,17335,4938725.466,1265 Thompson Trail
399322.261,8.52,6.37,4.97,12733,2386894.003,14152 Autumn Leaf Plaza
584053.852,13.59,3.48,1.33,19657,7747705.312,8461 Muir Park
740892.8,10.05,7.61,1.57,17116,7991389.832,1490 Talisman Plaza
536286.138,3.98,4.07,3.03,13855,8707286.517,19002 1st Hill
873281.574,2.47,9.17,1.61,18972,8565247.808,0 Southridge Court
904396.701,7.01,4.42,2.7,18719,2098157.928,9 Grayhawk Court
259313.445,4.47,9.89,1.58,19097,4429540.175,50127 Messerschmidt Hill
985794.966,12.85,3.07,3.07,18535,1314481.447,61883 Badeau Park
750046.326,1.8,5.38,1.33,15263,7020518.672,4051 Muir Way
682567.254,3.23,7.35,2.56,17033,3047862.625,4372 Morningstar Circle
501969.866,5.16,8.14,3.87,14498,6042365.597,46293 Warrior Center
537047.646,9.01,9.85,4.84,13037,2725058.071,661 Green Ridge Road
775603.726,3.02,7.14,2.12,16323,4850061.261,2 Ridgeview Place
197943.589,4.93,8.41,3.81,14215,4158967.497,60 Hanson Circle
350091.295,14.99,4.38,4.38,13008,2156633.322,56 Eliot Street
196388.338,5.52,5.55,4.85,16612,1976617.879,9 Grasskamp Circle
154448.176,7.79,8.24,4.36,18285,9326091.62,85 Stoughton Circle
775250.676,2.01,5.17,1.81,12833,7411228.466,6303 Sachtjen Street
568886.408,14.9,5.35,4.42,12192,4334598.523,4238 Mendota Drive
741518.034,10.61,6.24,2.89,17817,1664186.776,5289 Cardinal Park
789679.247,11.54,9.71,4.27,16208,1849388.481,0 Doe Crossing Court
218840.723,2.74,3.79,1.53,17306,1837775.599,81 Roxbury Point
693734.895,7.34,8.17,4.84,18182,7094760.504,0239 Hollow Ridge Trail
676192.109,3.19,9.17,3.37,14062,4585871.553,182 Little Fleur Point
329008.144,12.32,4.47,1.05,17621,3694699.762,755 Brickson Park Junction
297993.842,13.17,4.66,4.19,12205,8100124.942,33253 Pankratz Pass
430358.364,13.09,9.41,1.07,18921,4370904.793,13681 Coolidge Plaza
691170.351,3.79,9.7,2.69,15338,6944926.509,83512 Northwestern Lane
213190.826,13.29,3.53,3.53,15664,7697408.081,52690 Bellgrove Road
737944.037,6.25,7.29,1.74,19165,5962848.898,49595 Lillian Drive
513348.042,5.46,5.32,4.48,19624,2200700.179,5031 Prairieview Plaza
759562.795,10.16,6.02,3.18,15138,8752220.113,1 Kenwood Terrace
487908.738,4.31,5.23,3.46,14996,7181274.296,3397 Darwin Parkway
607588.975,11.22,6.72,4.09,18074,6007926.629,935 Mccormick Place
835372.134,14.81,8.05,2.5,19661,4938571.312,324 Luster Trail
940077.299,5.49,9.51,2.93,17313,4576570.719,1 Schlimgen Crossing
411806.244,7.03,8.81,3.68,18347,2552884.156,12104 Burning Wood Crossing
908012.576,4.72,4.88,1.52,12225,6468572.223,8477 Loeprich Terrace
772825.089,14.5,5.07,1.64,17343,2209177.773,03365 Westend Avenue
432149.303,5.99,7.54,3.62,16475,3225157.243,91869 Esch Plaza
417339.776,8.42,6.62,2.91,13153,7831078.348,75 Tennessee Center
968144.16,3.27,4.96,3.42,13439,7267017.492,8 Gale Pass
859284.328,13.34,8.43,3.5,13230,9883434.153,53821 Welch Lane
875917.204,12.2,5.35,1.33,13001,9264014.032,32 Coleman Avenue
758385.432,9.35,5.33,3.71,16688,2981620.165,532 Eagle Crest Way
687895.835,10.3,7.71,4.03,15834,4845238.994,476 Florence Circle
134344.189,5.49,6.44,2.89,15867,9700991.748,84894 Erie Court
581542.333,13.02,7.44,1.92,18996,1001631.629,01 Pawling Road
473324.115,11.22,3.79,3.79,18296,4605013.272,29 Portage Park
519219.08,10.42,9.98,2.01,17702,6022769.641,87 South Terrace
120514.619,3.28,6.39,3.65,12003,6740232.069,7 Kipling Way
975447.699,13.88,6.78,4.82,16682,9807655.366,6067 Spohn Avenue
779618.452,7.46,9.3,2.1,15963,4856758.266,640 Rutledge Avenue
281570.502,10.61,6.72,1.07,12006,4326699.244,3757 Cody Crossing
518658.28,11.54,8.33,1.98,12823,8305788.069,35471 Waubesa Avenue
874057.606,6.55,6.87,4.23,19069,9069448.757,0 Calypso Drive
112876.026,13.05,9.52,4.12,12861,2727752.624,744 Buena Vista Alley
931830.859,13.73,9.16,3.49,15215,1848578.441,06979 Spaight Terrace
860641.21,14.39,3.48,1.69,15465,8113589.406,10090 Petterle Way
553488.135,12.64,5.18,2.69,12812,9457930.037,48 Dwight Terrace
159855.114,7.0,9.75,2.06,17466,3119520.927,4 Waxwing Center
737974.294,4.56,7.81,1.3,12958,5176028.068,72091 Elka Hill
183982.945,2.08,7.66,1.17,15516,7415458.498,94913 Novick Park
100294.902,2.55,6.19,4.16,18548,1765090.611,358 John Wall Avenue
751148.41,5.93,7.58,3.55,15417,9805277.368,77626 Green Ridge Avenue
148504.674,13.01,3.46,3.46,19618,9314628.378,45220 Corry Center
949038.486,8.33,9.72,1.13,16351,7167018.406,3 Rutledge Park
342329.364,10.28,6.77,2.78,15123,2407483.73,901 Lighthouse Bay Crossing
141591.063,14.67,6.45,4.91,18777,2709707.273,487 Erie Pass
831625.005,5.03,8.75,4.9,12851,8566527.49,4 Forest Dale Court
369109.332,5.44,5.9,3.21,12715,2928128.509,9836 Havey Way
579582.935,1.36,7.98,1.63,12898,6068820.741,9 Ronald Regan Court
330785.378,5.41,5.99,2.79,15713,8072959.5,3 Eagan Road
746987.284,12.34,4.33,1.23,19347,3781758.924,57269 Derek Drive
117793.492,14.39,5.8,2.95,13148,4119453.802,744 Walton Parkway
156385.349,2.38,3.72,2.89,15542,8397835.984,5 Barnett Circle
661231.767,5.66,3.06,3.06,14896,2583270.892,4 Merrick Drive
383927.586,3.24,8.28,1.47,15880,7196353.202,047 Village Way
906758.648,4.66,6.07,4.6,14030,9409568.775,77899 Northridge Center
990328.884,14.87,6.04,1.62,12506,8518868.926,559 Hudson Avenue
118963.259,4.32,7.93,4.35,17019,2971103.225,2 Carioca Terrace
894256.34,11.57,9.97,3.9,12538,8913550.958,2180 Schurz Avenue
215669.451,5.75,9.17,1.85,17082,1455214.581,9 Eagle Crest Alley
214672.093,2.19,5.01,3.79,14849,8376664.975,6 Continental Way
610402.792,13.61,7.48,3.46,18743,1070257.579,332 2nd Terrace
991287.66,10.81,5.97,2.58,17620,5357618.892,5 Bunting Road
154150.423,9.59,5.32,3.41,19182,5042229.668,881 Towne Lane
521267.627,8.89,3.23,2.8,13959,6968456.339,0570 Melrose Hill
499358.659,10.82,9.7,3.97,14604,3583338.549,9 Northwestern Drive
809709.547,6.46,8.59,1.02,18359,2996889.139,25 Moose Center
514243.32,10.18,7.08,1.31,18136,3922440.504,9 Lien Parkway
521332.626,6.14,4.32,4.32,13636,9521228.94,563 Melody Trail
572172.812,14.78,6.45,4.1,12611,3424118.68,5 Manufacturers Avenue
909108.837,7.36,7.52,1.11,14096,4971684.583,42920 Forest Run Trail
221358.507,4.3,9.83,2.02,16589,1066300.743,529 Pepper Wood Circle
168320.56,1.31,6.75,1.32,13271,4037458.457,58 Lighthouse Bay Alley
585921.671,11.11,7.38,1.44,19725,7051974.723,36145 Independence Junction
454523.247,11.8,7.66,3.28,12866,3216181.905,94 Petterle Lane
630946.632,11.64,5.7,2.8,18496,5081970.627,23 Manitowish Crossing
573379.775,13.3,8.21,2.03,12737,6044375.318,8 Mandrake Street
412214.455,9.74,8.55,4.74,15701,9316508.443,945 Sunnyside Drive
436648.302,13.49,9.86,4.81,12982,1793664.389,88 Lawn Junction
704417.817,4.89,7.37,1.13,19903,9155107.112,199 Butterfield Center
357684.028,3.66,5.06,4.47,12302,3463714.18,43015 Truax Road
532779.31,11.01,3.69,1.47,12083,9685994.292,1080 Pleasure Crossing
578767.731,4.52,9.78,3.86,17087,5209025.056,27 Waywood Road
661836.094,11.85,7.63,3.99,19338,9056806.438,38623 Arapahoe Street
104477.484,12.44,4.12,3.99,15897,2071366.855,4 Kropf Drive
655328.177,12.05,9.27,4.66,14579,7995792.279,150 School Center
658419.37,8.46,8.66,2.43,13807,4358280.43,9560 Norway Maple Parkway
294982.257,8.19,8.44,3.94,18878,2925764.32,07 Bonner Pass
984766.152,9.21,6.25,2.6,14753,5715540.611,605 Sullivan Drive
767115.97,6.19,4.59,2.91,15122,9700398.506,23296 8th Circle
391738.615,9.92,6.6,3.04,17620,4785124.905,67839 Transport Circle
546301.197,2.91,9.29,2.49,12703,8595016.787,5 Sugar Court
309597.918,4.74,4.76,4.08,17481,9968089.418,90 Nobel Drive
265800.704,7.32,3.8,3.8,12002,4000982.534,80 Heffernan Alley
478694.767,5.45,4.75,1.43,17271,4983212.475,7033 Dunning Pass
746821.688,3.35,7.85,2.79,16946,2430894.068,08391 Kennedy Trail
496230.283,13.34,5.17,3.47,19157,3830521.667,37 Lakeland Lane
539092.431,1.1,7.15,3.68,16642,8608554.048,68397 Sutteridge Place
346245.319,5.96,7.61,2.23,16588,5153572.271,1827 Union Lane
582015.112,14.3,5.0,3.95,12307,2125146.223,89608 Elgar Circle
614859.317,3.04,9.86,2.11,13498,7984699.425,9223 Westport Park
816874.831,8.16,9.57,2.04,19286,5345716.207,85 Arizona Avenue
683302.193,2.87,4.24,4.24,16032,1432487.904,2 Anderson Terrace
669664.343,4.57,9.63,1.06,16724,8806970.61,1 Sunbrook Plaza
907785.939,2.8,5.74,3.84,19875,3244960.644,26039 Bunting Avenue
933569.24,12.88,9.43,2.61,15806,6289115.798,8 Parkside Street
399366.293,13.91,5.8,3.14,12055,4555031.391,5495 Karstens Plaza
156757.404,8.84,9.33,4.49,17473,2708975.387,4681 Rowland Terrace
211627.031,10.58,4.53,4.53,12281,4650246.262,9880 Macpherson Terrace
859324.972,3.95,7.68,4.36,16581,2835162.315,4 Raven Parkway
234241.637,6.87,9.87,2.58,13074,5428135.906,64 Memorial Lane
288375.767,3.27,9.1,1.17,14621,3754096.815,94 American Ash Terrace
942686.68,10.87,8.71,4.0,12700,3266244.629,8 Graedel Crossing
350140.379,9.75,5.47,4.13,18119,5276937.406,80533 Sachtjen Point
709824.98,10.49,4.91,2.14,19524,6970165.148,9 Columbus Court
242970.593,4.97,6.34,3.1,18703,7320219.584,38 Schurz Pass
362053.603,4.54,8.52,1.56,15738,6396410.618,0936 Westend Pass
429697.573,4.96,6.96,3.76,16213,2646341.476,952 Fordem Junction
433465.667,6.37,9.92,3.94,16366,9506474.187,6 Manley Street
233092.566,13.6,3.27,2.44,18102,4794564.779,56254 Shasta Alley
121348.187,13.48,3.75,2.32,17442,1845202.478,4292 Eastlawn Crossing
481644.072,7.31,3.38,2.85,13523,6634889.322,683 Saint Paul Road
839393.293,7.92,8.67,1.17,14605,7326794.019,18 Shopko Lane
997565.917,2.15,3.31,3.31,19506,8462931.564,06742 Coleman Park
953465.734,7.67,6.74,2.92,19413,3426338.664,8 Duke Center
467954.852,12.02,5.99,2.38,19694,3941958.919,7 Blaine Hill
169501.962,2.47,5.17,1.73,17792,9855311.324,2 Anhalt Crossing
989769.885,3.32,7.4,4.51,18188,1157683.859,707 8th Terrace
190459.838,14.3,3.52,2.06,19770,8445623.07,3752 Atwood Trail
109461.923,10.54,7.44,2.42,18230,4357131.052,047 Merrick Lane
559399.164,3.63,3.53,2.58,17693,5146115.775,10 Clemons Crossing
506110.389,7.06,8.39,1.16,18169,5642856.382,8501 Bonner Parkway
596821.608,1.66,8.09,3.62,16636,6232307.257,1 Vermont Parkway
117608.028,7.09,7.22,3.01,15652,5628992.45,92351 Buell Street
552725.743,8.38,6.73,2.23,18867,9428087.424,4 Aberg Lane
842039.277,11.33,8.88,3.72,12801,4312633.077,4151 Goodland Road
407896.001,7.77,4.84,1.95,18436,4547205.777,61670 Loomis Circle
423660.267,10.04,3.1,3.1,18270,4688946.089,5 Red Cloud Drive
149432.059,8.38,8.84,4.07,13719,4220216.65,06 Nobel Drive
218770.902,3.86,5.7,1.85,19082,2196784.292,55 Debra Plaza
586860.015,2.6,6.54,4.34,19906,9984343.42,8008 Luster Way
319979.1,8.02,9.01,1.96,15565,9936593.976,25511 Harper Street
596341.845,14.89,8.7,2.67,13003,1380556.531,630 Meadow Valley Trail
652873.548,10.8,3.39,2.53,12509,6346319.415,2 Randy Street
659233.106,1.68,9.14,1.25,13819,9324987.185,5248 Westerfield Terrace
767894.836,12.97,9.35,4.61,16813,2563919.992,2541 Barnett Trail
761851.885,10.7,7.99,3.17,15402,7953044.312,8 Nevada Street
265514.744,13.2,3.88,2.44,15291,9249787.271,86384 Northridge Way
356989.13,14.41,8.55,3.41,15661,9760463.435,1 Badeau Pass
736952.063,13.57,6.74,4.13,17332,3819092.975,08603 Cascade Junction
116188.87,8.55,3.08,2.76,18737,3434589.465,40 Springview Avenue
983670.486,13.7,4.49,3.64,17270,2500805.155,825 Arapahoe Lane
859773.847,11.73,6.47,3.81,16064,4639268.761,20 Everett Terrace
723987.984,10.01,6.58,3.26,17344,2279634.485,78 Forest Dale Parkway
792659.235,3.64,3.16,1.82,18105,9341451.414,4362 Hallows Hill
805241.329,3.82,3.58,2.11,17401,5401911.115,9 Rockefeller Lane
711593.944,6.84,9.94,1.64,16762,5460773.27,73488 Utah Drive
274332.536,13.33,7.47,4.49,17482,9794418.646,2 Miller Junction
560956.918,14.46,5.79,4.32,18513,6714228.92,0 Londonderry Avenue
893653.558,7.22,3.92,3.92,19262,7459128.998,8 Eastwood Lane
378884.742,2.06,3.57,1.87,13424,8010279.293,4 Browning Way
482146.765,14.21,4.59,2.69,13607,3782701.678,751 Texas Terrace
820285.783,5.48,5.05,1.89,12365,6180777.792,2136 Cambridge Avenue
929603.164,11.18,5.91,2.08,18374,3048269.412,9 Hovde Trail
666044.979,9.53,4.67,4.67,16246,3127950.437,306 Maywood Crossing
284699.977,1.27,5.3,4.42,18537,4663618.891,514 Corscot Avenue
826767.784,11.73,6.1,1.36,19852,1755855.638,588 Dahle Pass
872740.29,11.98,3.62,1.72,17537,9957560.914,35 Stang Park
740581.949,14.88,3.55,1.26,15146,3864204.122,828 Clove Hill
682839.811,12.47,9.21,1.39,14079,8478817.293,68467 8th Lane
190504.519,1.12,8.54,4.28,15710,6735748.978,73 Esker Drive
558653.375,10.73,7.28,1.52,18269,9133570.353,4618 Packers Point
116497.15,7.62,3.22,3.22,15006,9809266.448,4 Manufacturers Court
731799.873,11.43,3.28,3.1,16740,9151334.728,5 Carey Terrace
992016.346,12.09,9.26,1.72,12620,9898980.88,33257 Old Shore Lane
287659.981,14.82,8.18,4.55,13961,1941844.539,19279 Valley Edge Terrace
849990.957,7.96,8.5,4.98,19053,1026453.323,071 Maple Junction
217228.351,2.85,7.29,4.16,14029,4372887.08,98 Muir Road
113960.54,12.07,9.18,3.65,17860,5680475.87,71 Miller Alley
372681.034,12.16,4.4,2.6,16112,5970556.795,22 Killdeer Plaza
508166.783,2.31,3.48,3.48,16586,8181434.224,9 Manley Plaza
821696.566,8.76,3.49,2.11,15165,1701069.55,663 Hintze Park
803008.463,5.77,5.57,1.79,16771,8799172.799,289 Warrior Center
951504.54,7.81,4.63,4.45,16672,5405785.106,3 Pine View Circle
446471.989,11.73,9.01,3.93,19453,7881675.933,02 Crescent Oaks Place
529456.557,13.37,7.0,1.17,14440,7290389.074,320 Sachtjen Pass
712509.562,9.78,4.82,3.55,15105,7334241.803,23 Prairieview Circle
376049.295,10.9,3.25,3.06,13099,4588716.201,9025 South Circle
453713.669,12.13,7.36,4.17,18068,7855601.549,85360 Tomscot Parkway
652441.131,5.86,4.66,1.94,17103,7324257.673,24 Acker Center
406791.426,8.17,6.89,3.18,17984,7768668.09,71 Bluejay Street
266257.26,9.26,8.51,3.07,14297,6645241.721,0 Johnson Avenue
288500.043,12.54,5.92,4.78,12297,5308828.075,4746 Kingsford Street
539085.634,3.5,5.18,1.25,15752,1493966.829,382 Morning Trail
779628.173,11.85,9.93,1.77,19529,8991255.462,314 Mesta Court
635749.997,5.13,8.36,1.49,17395,1294013.063,0 Talmadge Point
393258.399,1.92,4.6,3.12,14797,9074912.732,635 Grim Center
226826.983,2.98,6.13,4.98,17712,6506188.508,51587 Village Trail
192748.064,6.1,8.27,3.09,15745,5942523.162,7013 Burning Wood Point
970488.975,3.52,3.12,3.1,17641,4801548.368,0121 Grayhawk Junction
484137.775,11.49,7.46,1.58,18809,7731209.46,73 Utah Drive
198702.336,6.76,5.3,4.05,13067,6534493.733,1 Algoma Lane
241098.737,14.93,7.99,1.08,15601,3450721.003,46 Mccormick Crossing
404376.976,1.53,9.02,3.28,12386,7051803.07,247 Washington Avenue
821413.7,12.6,6.95,3.18,13574,2612973.952,80 Granby Pass
277453.295,11.75,3.29,3.29,14449,4579188.755,82890 Oak Valley Parkway
664920.745,11.46,8.04,3.08,15726,9900217.187,91 Meadow Valley Crossing
951681.19,14.39,9.0,4.22,16314,8105335.074,7559 Gerald Point
175547.152,1.7,6.63,2.68,14246,6994241.209,86559 Waxwing Way
740165.543,1.51,9.92,3.31,16065,1444980.939,74 Warrior Way
435491.263,11.01,7.59,3.1,13418,4419145.566,846 Arizona Drive
425592.692,4.79,9.95,2.21,19284,8518506.224,3 Merry Terrace
538219.298,4.47,4.1,2.46,13856,2843773.987,5698 Namekagon Junction
358507.757,1.04,9.96,3.1,19165,8500693.571,770 Northview Crossing
290198.436,2.57,9.69,1.93,13068,3879441.499,41668 Elgar Plaza
765769.766,3.95,8.82,2.59,15093,3734026.314,50 Stang Hill
545934.175,4.0,4.98,3.6,19853,3810774.666,2882 Portage Pass
447101.346,2.86,7.13,4.89,13492,8751223.697,99 Lighthouse Bay Hill
875032.744,14.39,9.97,3.12,16060,4744948.28,557 Tony Lane
845190.775,10.87,9.85,4.08,12906,1807392.28,9 Thackeray Park
268763.054,7.83,6.38,4.41,18121,5319577.572,01314 Warner Place
298846.995,1.41,9.07,4.13,16121,7672307.551,1 Veith Pass
526865.981,2.37,3.12,1.31,12988,2266127.189,0782 Elka Hill
568535.439,10.37,4.78,2.38,13153,8349396.248,7515 Texas Junction
756041.268,6.2,8.61,1.77,14779,3725707.127,0813 Columbus Point
873540.274,13.08,8.66,2.45,18924,2485832.066,82614 Lerdahl Center
763105.696,4.59,5.12,3.8,13692,2590136.083,8 Macpherson Drive
